"recommendationid","steamid","num_games_owned","num_reviews","playtime_forever_min","playtime_last_two_weeks_min","playtime_at_review_min","last_played","language","review","timestamp_created","timestamp_updated","voted_up","votes_up","votes_funny","weighted_vote_score","comment_count","steam_purchase","received_for_free","written_during_early_access","hidden_in_steam_china","steam_china_location"
"223868825","76561198374053208","74","2","50762","3240","50648","1776906886","english","fun game, tooo many racists tho","1776890299","1776890299","True","0","0","0.5","0","True","False","False","",""
"223868890","76561199119416418","93","1","29210","193","29210","1776890344","english","This game is pure ♥♥♥♥♥♥♥♥","1776890388","1776890388","False","0","0","0.5","0","True","False","False","",""
"223869345","76561199480825927","8","3","3136","292","3062","1776912348","english","pretty ♥♥♥♥ game
","1776890886","1776890886","False","0","0","0.5","0","True","False","False","",""
"223869361","76561199013625502","38","1","5507","2911","5415","1776957924","english","10/100","1776890905","1776890905","True","1","0","0.523809552192687988","0","True","False","False","",""
"223869373","76561199131516117","1","1","5136","1032","5058","1776895668","english","dog","1776890925","1776890925","True","1","0","0.523809552192687988","0","True","False","False","",""
"223869380","76561199842024352","2","2","2296","1854","2107","1776906071","english","its good","1776890933","1776890933","True","0","0","0.5","0","True","False","False","",""
"223869483","76561199636452861","0","1","18831","670","18802","1776892222","english","good","1776891052","1776891052","True","0","0","0.5","0","True","False","False","",""
"223869612","76561198712634107","1","1","955","955","923","1776892475","english","best","1776891202","1776891202","True","0","0","0.5","0","True","False","False","",""
"223869654","76561198190499778","0","2","127133","1309","126957","1776911987","english","very gud very brain draining","1776891239","1776891239","True","0","0","0.5","0","True","False","False","",""
"223869856","76561199760822897","0","1","1778","516","1725","1776950969","english","I do recommend this game but only if no russian teammates","1776891432","1776891432","True","0","0","0.5","0","True","False","False","",""
"223870200","76561198776525288","0","1","9385","776","9361","1776955604","english","beste spiele","1776891795","1776891795","True","0","0","0.5","0","True","False","False","",""
"223870379","76561199409133627","2","1","9704","2890","9610","1776899721","english","a toxic relationship","1776892018","1776892018","True","0","0","0.5","0","True","False","False","",""
"223870514","76561199206145251","43","2","50378","5086","50352","1776899012","english","russians, romanians, cheaters, annoying kids in your lobby, what isnt to love i log onto my favourite game after a long day to get shouted at by angry foreign people and i love every minute","1776892159","1776892159","True","0","0","0.5","0","True","False","False","",""
"223870845","76561199057244964","2","1","18079","323","18079","1776618003","english","Gg","1776892556","1776892556","True","0","0","0.5","0","True","False","False","",""
"223870942","76561199229660225","0","16","492","448","415","1776904420","english","terrorists","1776892663","1776892663","True","0","0","0.5","0","True","False","False","",""
"223871450","76561199809926655","6","1","12331","887","11978","1776943146","english","nustokite mėtyti man į komandą tuos rusiškus debilus, aš noriu žaisti su adekvačiais žmonėmis, o ne su sušiktomis kiaulėmis.","1776893257","1776893257","False","0","0","0.5","0","True","False","False","",""
"223871555","76561198893618935","0","2","1495","0","1495","1710434764","english","its fun will make you lose your mind and rage but its a good game","1776893399","1776893399","True","0","0","0.5","0","True","False","False","",""
"223871755","76561199248255036","11","12","2389","2128","2329","1776900935","english","this game will make you want to kill your self but also makes you not want to kill yourself","1776893631","1776893631","True","0","0","0.5","0","True","False","False","",""
"223871939","76561199222789811","0","2","567","38","567","1776541396","english","its counter strike","1776893873","1776893873","True","0","0","0.5","0","True","False","False","",""
"223872003","76561199236288956","19","1","27830","288","27604","1776907826","english","good
","1776893952","1776893952","True","0","0","0.5","0","True","False","False","",""
"223872203","76561199073349659","5","1","34261","5740","34162","1776956696","english","i see people have insane game sense that they shoot me a wallbang thro smoke and wall","1776894213","1776894213","True","0","0","0.5","0","True","False","False","",""
"223872274","76561199014110894","56","1","10876","3670","10876","1776887104","english","♥♥♥♥ game enter hear suka blyat then get killed by teammate then hit good shot then enemy team rage hack lose your ♥♥♥♥ and your religion destroy pc and go goon","1776894313","1776894313","True","0","1","0.523809552192687988","0","True","False","False","",""
"223872279","76561199128735534","6","1","31948","579","31913","1776894838","english","Very good and fun game","1776894317","1776894317","True","0","0","0.5","0","True","False","False","",""
"223872288","76561199370952024","1","1","38236","0","38236","1772223730","english","good game","1776894329","1776894329","True","0","0","0.5","0","True","False","False","",""
"223872336","76561199067202859","0","10","2789","1882","2531","1776914236","english","ass","1776894394","1776894394","False","0","0","0.5","0","True","False","False","",""
"223872431","76561199884584346","0","3","8813","1291","8684","1776936763","english","i like the game W","1776894510","1776894510","True","0","0","0.5","0","True","False","False","",""
"223872448","76561198180669997","0","1","66018","0","66018","1759047565","english","good game","1776894528","1776894528","True","0","0","0.5","0","True","False","False","",""
"223872514","76561198031201663","0","3","550","177","507","1776897815","english","fun","1776894617","1776894617","True","0","0","0.5","0","True","False","False","",""
"223872556","76561198986112347","31","1","11775","446","11775","1776893890","english","became ♥♥♥♥ since csgo","1776894683","1776894683","True","0","0","0.5","0","True","False","False","",""
"223872642","76561199223569901","0","1","15935","141","15831","1776955478","english","very good game but 1.6 better","1776894794","1776894794","True","0","0","0.5","0","True","False","False","",""
"223872814","76561198719903458","1","1","1839","1839","1839","1776676244","english","this game sucks yet i play it","1776895042","1776895042","True","0","0","0.5","0","True","False","False","",""
"223872907","76561197964052800","0","1","120656","4950","120621","1776930100","english","First love!","1776895152","1776895152","True","0","0","0.5","0","True","False","False","",""
"223873025","76561198716629147","0","2","447","447","421","1776897133","english","GG","1776895296","1776895296","True","0","0","0.5","0","True","False","False","",""
"223873038","76561198332818211","0","1","2539","1401","2539","1776608901","english","I’ve been on this game for the past couple of days. I would highly recommend","1776895315","1776895315","True","1","0","0.523809552192687988","0","True","False","False","",""
"223873070","76561198841808362","10","1","1702","58","1647","1776902678","english","good game","1776895355","1776895355","True","0","0","0.5","0","True","False","False","",""
"223873417","76561199230890059","0","3","3341","1121","3072","1776912225","english","game good. guns shoot. die alot. lose alot. much fun","1776895795","1776895795","True","0","0","0.5","0","True","False","False","",""
"223873469","76561199004800184","21","4","5672","1264","5667","1776956954","english","Very good but very bad but very fun but very many hacker and my gun dont headshot so i die and volvo fiz game pls this game god but also not very goody but you play with frends and game is good but if freind bad you can kil them in 1v1 praxtice 
","1776895864","1776895864","True","0","0","0.5","0","True","False","False","",""
"223873868","76561198793602745","0","1","601","601","401","1776908309","english","I like the way the graphics and team battles are.","1776896375","1776896375","True","1","0","0.523809552192687988","0","True","False","False","",""
"223874283","76561199002712032","84","31","1796","364","1793","1776957235","english","I LOVE GAMBLING🤑🤑🤑🤑🤑","1776896930","1776896930","True","0","0","0.5","0","True","False","False","",""
"223874369","76561199033436095","23","1","5292","1143","5243","1776905207","english","great game horrible teamates
","1776897069","1776897069","True","1","0","0.523809552192687988","1","True","False","False","",""
"223874422","76561199564057771","1","1","382748","1476","382340","1776926851","english","no good","1776897145","1776897145","False","0","0","0.5","0","True","False","False","",""
"223874436","76561197962933266","0","5","28869","332","28813","1776902062","english","Its a counter strike game, been playing them since the original beta on dial up :P","1776897164","1776897164","True","0","0","0.5","0","True","False","False","",""
"223874498","76561198713249141","0","1","518","522","270","1776913841","english","88j","1776897280","1776897280","True","0","0","0.5","0","True","False","False","",""
"223874771","76561199032565063","2","1","486","379","486","1776878386","english","childhood game :3","1776897655","1776897655","True","1","0","0.523809552192687988","0","True","False","False","",""
"223874827","76561198721163874","0","3","606","602","606","1776657178","english","fuun
","1776897731","1776897731","True","0","0","0.5","0","True","False","False","",""
"223874829","76561199645707197","9","4","2409","533","2330","1776905525","english","Been playing cs since 98! The OG PC game","1776897734","1776897734","True","0","0","0.5","0","True","False","False","",""
"223874858","76561198043292391","177","1","231101","5513","230692","1776922323","english","ez game","1776897782","1776897782","True","0","0","0.5","0","True","False","False","",""
"223874868","76561198737620460","0","2","1785","1368","1684","1776956678","english","fery jood jame tek mch skellz","1776897789","1776897789","True","0","0","0.5","0","True","False","False","",""
"223874880","76561199124116629","5","1","9302","562","9243","1776901394","english","this game is the chess of gaming","1776897807","1776897807","True","0","0","0.5","0","True","False","False","",""
"223874916","76561198748386373","0","1","16373","6447","15938","1776928153","english","good game","1776897860","1776897860","True","0","0","0.5","0","True","False","False","",""
"223874952","76561199380390933","75","4","10306","3087","9980","1776917469","english","i like to buy ♥♥♥♥","1776897902","1776897902","True","0","0","0.5","0","True","False","False","",""
"223875027","76561198767682232","0","1","4434","1654","4389","1776900660","english","Nice and freandly people 0 hate 0 cheaters and lots of fun.","1776897986","1776897986","True","0","0","0.5","0","True","False","False","",""
"223875036","76561199055182636","0","1","31738","1419","31738","1776897683","english","Would smoke window again. de_cent game.","1776897996","1776897996","True","1","0","0.523809552192687988","0","True","False","False","",""
"223875077","76561199217191365","0","1","9543","572","9501","1776900813","english","racism is fun","1776898050","1776898050","True","0","0","0.5","0","True","False","False","",""
"223875081","76561199829766109","1","1","22475","1353","22343","1776945242","english","better game in the world)","1776898055","1776898055","True","1","0","0.523809552192687988","1","True","False","False","",""
"223875090","76561199815392160","6","1","973","832","925","1776904298","english","its cool exiting and fun to play","1776898072","1776898072","True","0","0","0.5","0","True","False","False","",""
"223875186","76561199636555891","0","1","3992","3095","3913","1776915937","english","fun and gamble","1776898191","1776898191","True","0","0","0.5","0","True","False","False","",""
"223875190","76561198731255043","0","1","480","152","438","1776900363","english","i love men","1776898193","1776898193","True","1","0","0.523809552192687988","0","True","False","False","",""
"223875191","76561198413012649","45","2","109158","4999","108955","1776958213","english","get in here open some cases and drink some beer","1776898194","1776898194","True","0","0","0.5","0","True","False","False","",""
"223875339","76561199828099325","0","3","78969","1722","78837","1776936833","english","full with hackers 
","1776898389","1776898389","False","0","0","0.5","0","True","False","False","",""
"223875383","76561198975226786","0","2","58278","1413","58237","1776900935","english","не хочу","1776898445","1776898445","False","0","0","0.5","1","True","False","False","",""
"223875386","76561199835273510","0","2","6635","99","6598","1776900691","english",".","1776898451","1776898451","False","0","0","0.5","0","True","False","False","",""
"223875390","76561199158840255","1","1","10594","344","10517","1776905748","english","bad game. I hate","1776898464","1776898464","False","0","0","0.5","0","True","False","False","",""
"223875415","76561198836964005","0","5","15978","781","15814","1776915263","english","ahh its good but csgo better","1776898489","1776898489","True","0","0","0.5","0","True","False","False","",""
"223875420","76561198856156730","10","1","5673","777","5635","1776900785","english","y","1776898490","1776898490","True","0","0","0.5","0","True","False","False","",""
"223875553","76561198881534979","0","2","2127","1400","1989","1776911531","english","yes","1776898700","1776898700","True","0","0","0.5","0","True","False","False","",""
"223875569","76561199379445054","0","10","40214","3742","40008","1776914401","english","office is where you will find the love of your life...","1776898735","1776898735","True","1","0","0.523809552192687988","0","True","False","False","",""
"223875654","76561198752713722","0","2","4174","1613","4107","1776902881","english","is fun","1776898853","1776898853","True","0","0","0.5","0","True","False","False","",""
"223875666","76561199600181503","0","2","4868","2084","4634","1776941829","english","fun","1776898864","1776898864","True","0","0","0.5","0","True","False","False","",""
"223875857","76561199633311881","0","2","1376","720","1093","1776916156","english","terrorist game","1776899101","1776899101","True","0","0","0.5","0","True","False","False","",""
"223875932","76561199203354046","0","1","6303","1985","6303","1776899304","english","why i get banded","1776899227","1776899227","False","0","0","0.5","0","True","False","False","",""
"223875963","76561197960303032","0","1","21685","3490","21679","1776899535","english","The best course for Russian 101 and its for free! In addition I've learned that indeed there weren't 6 Million. Great people, or bots or whatever. 3 out of 5 would do it again","1776899262","1776899262","True","0","0","0.5","0","True","False","False","",""
"223875969","76561199166636986","1","1","5496","3220","5496","1776899230","english","all things i liked","1776899270","1776899270","True","0","0","0.5","0","True","False","False","",""
"223875976","76561198341078051","0","2","580","48","580","1776899193","english","im a terrorist","1776899281","1776899281","True","0","0","0.5","0","True","False","False","",""
"223876044","76561198185353490","0","9","96334","3920","96008","1776938595","english","Best shooter ever made","1776899364","1776899364","True","0","0","0.5","0","True","False","False","",""
"223876120","76561199066121473","0","6","51135","174","51135","1776899048","english","guess","1776899467","1776899467","False","0","0","0.5","0","True","False","False","",""
"223876187","76561198880597989","0","1","13993","1273","13971","1776900873","english","Fun game, good for short gaming sessions.  Only complaint are the wall hackers and aim bots.  But if enough people report them, action will be taken.","1776899544","1776899544","True","0","0","0.5","0","True","False","False","",""
"223876195","76561199768239817","0","5","14971","1044","14895","1776917055","english","get this game if you hate yourself :) 10-10 gotta play","1776899553","1776899553","True","0","0","0.5","0","True","False","False","",""
"223876392","76561198731973385","0","1","12235","5727","11810","1776925775","english","喜欢","1776899817","1776899817","True","0","0","0.5","0","True","False","False","",""
"223876599","76561199436725982","18","1","82375","3513","82256","1776907431","english","valve please fix anti-cheat. furthermore, the game is a classic competitive fps, love the style.","1776900089","1776900089","True","0","0","0.5","0","True","False","False","",""
"223876693","76561199089237762","5","1","10474","1877","10425","1776939555","english","super game
","1776900228","1776900228","True","0","0","0.5","0","True","False","False","",""
"223876710","76561199870757533","1","1","7287","624","7287","1776900206","english","..","1776900253","1776900253","True","0","0","0.5","0","True","False","False","",""
"223876729","76561199184924892","12","5","1563","0","1563","1773024913","english","é muito bom, vale a pena demais!","1776900291","1776900291","True","0","0","0.5","0","True","False","False","",""
"223876745","76561198971331502","0","1","631","304","631","1776826988","english","Rush B","1776900317","1776900317","True","0","0","0.5","0","True","False","False","",""
"223876794","76561199768029615","5","5","25935","1115","25933","1776900800","english","GOOD","1776900394","1776900394","True","0","0","0.5","0","True","False","False","",""
"223876796","76561199890306206","8","1","23586","5634","23494","1776907524","english","Nice game","1776900396","1776900396","True","0","0","0.5","0","True","False","False","",""
"223876803","76561199860212069","4","1","2063","126","2054","1776901020","english","fun","1776900401","1776900401","True","0","0","0.5","0","True","False","False","",""
"223876818","76561198001655449","417","2","28465","3280","28180","1776957502","english","Game is easier if you click the heads.","1776900435","1776900435","True","0","0","0.5","0","True","False","False","",""
"223876874","76561198719966740","0","1","10728","5148","10058","1776942254","english","y","1776900508","1776900508","True","0","0","0.5","0","True","False","False","",""
"223876889","76561199835966998","0","2","302","4","298","1776900750","english","its a great combat game and its for free so there is nothing to lose","1776900527","1776900527","True","0","0","0.5","0","True","False","False","",""
"223876891","76561199396568652","9","2","19621","1511","19468","1776909722","english","the updates are cooked","1776900530","1776900530","True","0","0","0.5","0","True","False","False","",""
"223876912","76561198313215450","1","1","16862","1340","16835","1776902208","english","good game well played","1776900562","1776900562","True","0","0","0.5","0","True","False","False","",""
"223877037","76561199731537567","0","1","9904","1959","9844","1776904392","english","good game","1776900764","1776900764","True","0","0","0.5","0","True","False","False","",""
"223877047","76561199888192876","0","1","28568","2100","28564","1776900889","english","ty","1776900778","1776900778","True","0","0","0.5","0","True","False","False","",""
"223877207","76561198263213324","0","1","301656","1968","301656","1776900583","english","Not bad","1776901022","1776901022","True","0","0","0.5","0","True","False","False","",""
"223877329","76561199826705462","0","4","3453","1528","3355","1776907777","english","GOOD TIME","1776901185","1776901185","True","0","0","0.5","0","True","False","False","",""
"223877471","76561198781764710","0","1","3393","926","3360","1776903383","english","great game ig
","1776901421","1776901421","True","0","0","0.5","0","True","False","False","",""
"223877682","76561198748681996","0","1","11416","5232","11416","1776804399","english","great","1776901755","1776901755","True","0","0","0.5","0","True","False","False","",""
"223877753","76561199815003788","0","2","586","435","396","1776913282","english","♥♥♥♥♥♥","1776901836","1776901836","True","0","0","0.5","0","True","False","False","",""
"223877766","76561198854241556","0","3","7935","3416","7781","1776910509","english","hate this game more than anything in my life. 10/10","1776901857","1776901857","True","0","0","0.5","0","True","False","False","",""
"223877915","76561199047699202","0","2","12340","742","12335","1776906027","english","These are the singlehandedly the most disabled people on the planet, not even noah's ark could carry my animal teammates, valve managed to create a game that brings out and embodies the worst humanity has to offer, 10/10","1776902076","1776902076","False","0","0","0.5","0","True","False","False","",""
"223878022","76561199030025445","1","2","4787","802","4595","1776913683","english",":)","1776902226","1776902226","True","0","0","0.5","0","True","False","False","",""
"223878105","76561198394617365","198","5","6787","481","6640","1776911143","english","This game is addicting","1776902337","1776902337","False","0","0","0.5","2","True","False","False","",""
"223878345","76561198448002848","0","1","15736","2756","15679","1776920659","english","Awesome game love playing it!","1776902737","1776902737","True","1","0","0.523809552192687988","0","True","False","False","",""
"223878506","76561199019436315","0","1","3057","2411","2885","1776913020","english","Unless you have no job, no life and no ♥♥♥♥♥♥♥ do NOT download this game. 
Some of the sweatest people known to man are on this game, you could be in middle eastern deserts and still not sweat as much as the average CS player. 
Not to mention the few people on this game WITH a job have spent 98% of their paychecks on either hacks or cheats ( probably both ).
Anyways I'll hit 1,000 hours by the end of the week probably... gg","1776903008","1776903008","False","0","0","0.5","0","True","False","False","",""
"223879004","76561198039068676","124","7","4811","1414","4811","1776903675","english","gambling sim","1776903808","1776903808","True","0","0","0.5","0","True","False","False","",""
"223879078","76561199878056662","0","2","374","83","374","1776903914","english","sweqafs","1776903915","1776903915","True","0","0","0.5","0","True","False","False","",""
"223879227","76561198155746393","28","1","12661","4935","12533","1776911715","english","Load in, miss all my shots, get yelled at by a Russian man, gamble money, get a battle scared gun i don't use. Repeat. Absolutely peak.","1776904118","1776904118","True","0","0","0.5","0","True","False","False","",""
"223879334","76561199082885706","0","1","83215","625","83215","1776887695","english","+rep","1776904251","1776904251","True","0","0","0.5","0","True","False","False","",""
"223879356","76561198773821670","5","1","221","221","221","1776877853","english","very good game with a very bad anticheat","1776904293","1776904293","False","0","0","0.5","0","True","False","False","",""
"223879385","76561198859216880","0","1","2386","1311","2334","1776907476","english","the thing i like is iits not laggy for my computer even though i have a default pc
","1776904349","1776904349","True","0","0","0.5","0","True","False","False","",""
"223879517","76561198711818282","0","1","444","444","335","1776915576","english","best game","1776904531","1776904531","True","0","0","0.5","0","True","False","False","",""
"223879551","76561198072009323","0","22","399","70","399","1776904514","english","Still has netcode issues shoot a man many times he not take any damage.","1776904567","1776904567","False","0","0","0.5","0","True","False","False","",""
"223879956","76561198140319877","113","13","34209","110","34209","1776902368","english","Bacana.","1776905152","1776905152","True","0","0","0.5","0","True","False","False","",""
"223880259","76561199266754970","61","1","11338","6729","10525","1776956130","english","Szacunek dla Ruskich","1776905592","1776905592","True","0","0","0.5","0","True","False","False","",""
"223880289","76561199122774469","46","18","6449","429","6434","1776906522","english","gane is ass","1776905626","1776905626","False","0","0","0.5","0","True","False","False","",""
"223880301","76561198777141918","1","1","781","256","687","1776911274","english","I like this game","1776905643","1776905643","True","0","0","0.5","0","True","False","False","",""
"223880323","76561199881981559","0","5","732","732","708","1776909399","english","This is a great game and is is my favorite for many weeks, most games I play make me bored in a couple of days.","1776905681","1776905681","True","0","0","0.5","0","True","False","False","",""
"223880518","76561199583667285","7","2","1598","1374","942","1776950443","english","fun ig","1776905951","1776905951","True","0","0","0.5","0","True","False","False","",""
"223880609","76561199198801305","0","15","1002","1002","242","1776951533","english","uhh it's pretty good, really realistic, my only big downside is that everyone is always really mads","1776906082","1776906082","True","0","0","0.5","0","True","False","False","",""
"223880723","76561198889745228","40","5","37727","1435","37727","1776956574","english","not worth it","1776906246","1776906246","False","0","0","0.5","0","True","False","False","",""
"223880921","76561199096772340","155","32","46238","747","46198","1776952818","english","pretty damn good","1776906509","1776906509","True","0","0","0.5","0","True","False","False","",""
"223880936","76561198776695103","13","1","79","79","79","1776881955","english","pls fix vac","1776906532","1776906532","False","0","0","0.5","0","True","False","False","",""
"223880988","76561198090904962","0","1","48024","328","48009","1776906674","english","To hard to connect with friends when you just want to do a private match. literally will NOT work no matter what I do","1776906608","1776906608","False","0","0","0.5","0","True","False","False","",""
"223881027","76561199850776295","0","1","4501","735","3927","1776955878","english","+","1776906668","1776906668","True","1","0","0.523809552192687988","0","True","False","False","",""
"223881039","76561198021490204","452","8","61370","951","61188","1776917710","english","Cheater Central","1776906705","1776906705","False","0","0","0.5","0","True","False","False","",""
"223881042","76561199821627367","0","5","5124","922","5124","1776906649","english","güzel","1776906706","1776906706","True","0","0","0.5","0","True","False","False","",""
"223881079","76561199805083039","0","5","25078","1237","25063","1776946292","english","CS :]","1776906782","1776906782","True","0","0","0.5","0","True","False","False","",""
"223881129","76561198075547824","12","1","9227","399","9117","1776922318","english",".","1776906862","1776906862","True","0","0","0.5","0","True","False","False","",""
"223881300","76561198438875710","110","1","19492","0","19492","1775155895","english","Great Game. Will drain ur bank acc tho if you play enough and have ego issues.......","1776907115","1776907115","False","0","0","0.5","0","True","False","False","",""
"223881299","76561198302440960","0","24","8910","283","8878","1776908972","english","good game tbh its pre fun","1776907115","1776907115","False","0","0","0.5","0","True","False","False","",""
"223881307","76561199034351196","77","1","29250","611","29250","1776906005","english","Don't waste money or time on a game where the owners don't waste any money 2 to 3 years back.","1776907131","1776907131","False","0","0","0.5","0","True","False","False","",""
"223881332","76561199694256268","0","2","8432","1442","8356","1776954195","english","ruined life","1776907173","1776907173","False","1","0","0.523809552192687988","0","True","False","False","",""
"223881351","76561198086589050","40","2","75652","3790","75624","1776910130","english","Best place to learn Russian","1776907207","1776907207","True","0","0","0.5","0","True","False","False","",""
"223881597","76561199826111398","0","2","238","15","231","1776907966","english","ahhhhhh","1776907565","1776907565","True","0","0","0.5","0","True","False","False","",""
"223881685","76561199112908433","5","3","2158","1259","2033","1776941324","english","gud game","1776907728","1776907728","True","0","0","0.5","0","True","False","False","",""
"223881705","76561198067080705","0","4","104713","976","104546","1776917738","english","♥♥♥♥♥♥ game w cheaters","1776907756","1776907756","False","1","0","0.523809552192687988","0","True","False","False","",""
"223881727","76561198018001145","37","1","44350","337","44271","1776912492","english","nice game","1776907788","1776907788","True","0","0","0.5","0","True","False","False","",""
"223881748","76561199145757985","30","8","11957","643","11871","1776916107","english","very fun","1776907822","1776907822","True","0","0","0.5","0","True","False","False","",""
"223881775","76561198761330212","1","1","14927","3230","14883","1776955650","english","i love this game
","1776907867","1776907867","True","1","0","0.523809552192687988","0","True","False","False","",""
"223881964","76561198295045105","0","1","2244","2244","2002","1776944439","english","I like counter strike 2 because its skill-based and competitive game. it feels rewarding  when you improve and play well . the graphics  look  and feel clean , the game is intense  and fun  overall  i just enjoy playing it","1776908147","1776908147","True","1","1","0.523809552192687988","0","True","False","False","",""
"223882130","76561199724675677","0","3","1957","1839","1742","1776921304","english","game has lots of european...very good. they call me bad words but is ok.","1776908390","1776908390","True","0","0","0.5","0","True","False","False","",""
"223882167","76561199379718027","139","2","106109","866","106091","1776908531","english","fix ur game","1776908445","1776908445","False","0","0","0.5","0","True","False","False","",""
"223882207","76561198718151538","1","1","14351","14351","13641","1776955642","english","besides all the cheaters and also the eastern european people who dont even try to speak english so everyone can understand each other causing there to be no communication or team play, its a solid game.
","1776908509","1776908509","True","0","0","0.5","0","True","False","False","",""
"223882813","76561198717048338","0","2","231","231","231","1776894972","english","''","1776909362","1776909362","True","0","0","0.5","0","True","False","False","",""
"223883032","76561198147702456","0","3","3087","2161","2932","1776952762","english","VERY GOOD GAME. BETTER THAN MOST LANGUAGE APPS.","1776909678","1776909678","True","0","0","0.5","0","True","False","False","",""
"223883276","76561199258784423","7","3","5604","1476","5585","1776911834","english","good game","1776910035","1776910035","True","0","0","0.5","0","True","False","False","",""
"223883572","76561199353699962","0","2","3116","36","3079","1776916405","english","69","1776910460","1776910460","True","0","0","0.5","0","True","False","False","",""
"223883727","76561198766689901","0","1","5814","1181","5646","1776950425","english","best fps shooter","1776910679","1776910679","True","0","0","0.5","0","True","False","False","",""
"223883757","76561198791281747","0","1","20214","3202","20214","1776909603","english","Its aight","1776910724","1776910724","True","0","0","0.5","0","True","False","False","",""
"223883824","76561199628126591","0","7","591","592","496","1776916508","english","fun

","1776910810","1776910810","True","0","0","0.5","0","True","False","False","",""
"223884034","76561198149610356","0","5","50206","4336","50055","1776922789","english","If you want to have high tier depression and want you ♥♥♥♥♥♥♥ reamed. Play this game","1776911123","1776911123","False","0","0","0.5","0","True","False","False","",""
"223884048","76561199862799327","0","1","5455","1931","5455","1776908872","english","nice","1776911135","1776911135","True","0","0","0.5","0","True","False","False","",""
"223884062","76561198916909464","26","1","29303","130","29303","1776897040","english","♥♥♥♥ game 
","1776911158","1776911158","True","1","0","0.523809552192687988","0","True","False","False","",""
"223884411","76561198392410854","0","1","397","397","384","1776912537","english","bef","1776911698","1776911698","True","0","0","0.5","0","True","False","False","",""
"223884526","76561199379587276","4","1","45256","3234","45138","1776952041","english","Oh boy, where do I even begin with CS2 — the shining beacon of competitive integrity, the absolute gold standard of “nothing shady ever happens here.”

Let’s start with the anti-cheat, because WOW. This thing is on another level. It’s so advanced, so cutting-edge, that it doesn’t even *need* to catch cheaters. It just lets them express themselves. Freedom of gameplay, you know? You got a guy tracing you perfectly through walls? That’s not cheats — that’s passion. Dedication. Probably drank 17 energy drinks and ascended to a higher plane of awareness.

And the players? Angels. Literal angels. No cheaters anywhere. The dude who instantly flicks to your head before you even peek? Gifted. The guy spinning like a broken washing machine while deleting your entire team? Just vibing. Honestly, if you think someone is cheating, that says more about *you* than them. Skill issue. Massive one.

Balance in this game is just *chef’s kiss*. You’ll have matches where everyone’s trying their best, and then there’s one guy going 52–3 like he’s playing a completely different game. And you know what? That’s fair. That’s healthy. That’s what esports dreams are made of. Why have equal skill levels when you can have… character development?

And the consistency? Beautiful. You always know what you’re gonna get. It’s like ordering fast food — you might regret it, but at least it’s reliably questionable every single time. Queue up, get absolutely destroyed by a “once-in-a-generation talent,” close the game, reopen it 10 minutes later like nothing happened. That’s the CS2 lifestyle.

Honestly, playing CS2 isn’t just gaming — it’s a full emotional rollercoaster. Anger, confusion, disbelief, acceptance… sometimes all in the same round. It really builds personality. Probably some anger issues too, but mostly personality.

Final verdict? 10/10 masterpiece. If you’ve ever wanted to get absolutely outplayed by people who are definitely 100% legit (no really, trust me bro), then this is the game for you. Install it, queue up, and prepare to witness the most “fair” matches of your life. 🙂
","1776911851","1776911851","True","1","0","0.523809552192687988","0","True","False","False","",""
"223884721","76561198734581730","6","1","4852","2206","4674","1776936259","english","I just adore this game and cannot stop playing it. FIX MM!!!11!11!","1776912179","1776912179","True","0","0","0.5","0","True","False","False","",""
"223884728","76561198977914718","55","1","2492","859","2492","1776912157","english","good game","1776912189","1776912189","True","1","0","0.523809552192687988","0","True","False","False","",""
"223884817","76561198996665082","0","1","1685","202","1667","1776921147","english","beautiful game would recommed if you like first person shooters. very tactical and quick action think required to playt this game.","1776912328","1776912328","True","0","0","0.5","0","True","False","False","",""
"223884857","76561198744247061","0","1","3237","265","3237","1776857011","english","good
","1776912406","1776912406","True","0","0","0.5","0","True","False","False","",""
"223884908","76561199890288387","11","1","757","730","601","1776920870","english",".","1776912482","1776912482","True","0","0","0.5","0","True","False","False","",""
"223885034","76561198350843562","7","1","116096","5976","116095","1776955997","english","sıck","1776912675","1776912675","True","0","0","0.5","0","True","False","False","",""
"223885097","76561199013407835","50","2","2093","72","2093","1776912542","english","The community sucks","1776912763","1776912763","False","0","0","0.5","0","True","False","False","",""
"223885100","76561198370751518","0","3","17807","693","17807","1776912282","english","Terminals are absolutely retarded, I genuienly hope whoever brought that idea up at a conference falls in a deep terminal delirium state incapable of recovering.
","1776912771","1776912771","False","0","0","0.5","0","True","False","False","",""
"223885194","76561199696444110","0","2","2982","97","2938","1776914971","english","hhkjhkj","1776912888","1776912888","True","0","0","0.5","0","True","False","False","",""
"223885435","76561198339892193","32","1","3002","734","3002","1776913065","english","Very Good!","1776913259","1776913259","True","0","0","0.5","0","True","False","False","",""
"223885583","76561198215043128","0","3","15774","762","15696","1776918812","english","good game
","1776913490","1776913490","True","0","0","0.5","0","True","False","False","",""
"223885648","76561198716770877","0","2","910","859","910","1776806652","english","My friend ask do you really played this game i answered :CYKA BLYAT IDI NAHUI
","1776913583","1776913583","True","0","0","0.5","0","True","False","False","",""
"223885745","76561198757977171","34","2","798","14","798","1776914252","english","AWFUL","1776913723","1776914224","False","0","0","0.5","0","True","False","False","",""
"223885889","76561199026737353","0","1","6982","726","6824","1776955684","english","This is the tactical shooter game you want to be playing. The game is free to play, prime is really good if you cant afford it it is a one time buy and you keep getting weekly drops for playing the game. I will recommend the game.","1776913932","1776913932","True","0","0","0.5","0","True","False","False","",""
"223886022","76561199853038755","1","1","40335","3301","40181","1776928420","english","So good ♥♥♥♥","1776914130","1776914130","True","0","0","0.5","0","True","False","False","",""
"223886066","76561199769979821","0","1","358","166","191","1776933676","english","goood
","1776914194","1776914194","True","0","0","0.5","0","True","False","False","",""
"223886209","76561199125913419","0","1","5978","1007","5978","1776869460","english","░░░░░░░░░░░░░░░░░░░░░░░░░░░░░░░░
░░░░░░░██████╗░███████╗██████╗░░
░░██╗░░██╔══██╗██╔════╝██╔══██╗░
██████╗██████╔╝█████╗░░██████╔╝░
╚═██╔═╝██╔══██╗██╔══╝░░██╔═══╝░░
░░╚═╝░░██║░░██║███████╗██║░░░░░░
░░░░░░░╚═╝░░╚═╝╚══════╝╚═╝░░░░░░
░░░░░░░░░░░░░░░░░░░░░░░░░░░░░░░░
░░░░░░░░░░░░░░░░░░░░░░░░░░░░░░░░
░░░░░░░░░░░░░░░░░░░░░░░░░░░░░░░░","1776914426","1776914426","True","0","0","0.5","0","True","False","False","",""
"223886237","76561198957786180","0","1","18544","1205","18264","1776941803","english","good game or bad game, idn","1776914477","1776914477","True","0","0","0.5","0","True","False","False","",""
"223886260","76561199571983393","0","1","61737","1215","61687","1776918955","english","LoL  nothing to say. Great anchi-cheat keep it up VALVE","1776914510","1776914510","False","0","0","0.5","0","True","False","False","",""
"223886287","76561199600909105","0","2","4592","1666","4592","1776872654","english","If you are into CBC you will love counterstrike, I could have had the best day of my whole life and the nanosecond steam opens counterstrike it drains all the joy and positive energy from my body, I will be playing this for another 100 hours","1776914544","1776914846","False","0","0","0.5","0","True","False","False","",""
"223886741","76561198870702075","0","15","2842","1697","2604","1776952245","english","better than siege","1776915256","1776915256","True","0","0","0.5","0","True","False","False","",""
"223886822","76561198736411272","0","1","10358","1645","9904","1776956445","english","gsahj","1776915384","1776915384","True","0","0","0.5","0","True","False","False","",""
"223886917","76561198211872223","218","15","18401","608","18401","1776915461","english","can be the most fun or the most depressing game of your life, really affects my life after a horrific loss","1776915525","1776915525","True","0","0","0.5","0","True","False","False","",""
"223886923","76561199104791497","1","1","4342","909","4338","1776917048","english","best game bruv","1776915539","1776915539","True","0","0","0.5","0","True","False","False","",""
"223887553","76561199123244781","0","1","15119","2514","15006","1776933589","english","Great and sad game","1776916591","1776916591","True","0","0","0.5","0","True","False","False","",""
"223887746","76561199788471427","0","1","21604","313","21487","1776951024","english","Simple , competitive and no superfluous abilities. The game's been in constant improvement since the ages.  The success of the game is very much obvious by the amout of players in-game everyday. Nothing is more dope than having CT and T fighthing against eachother without ass abilities. This game demands pure aim. I enjoy this game and play on a daily basis.","1776916897","1776916897","True","0","0","0.5","0","True","False","False","",""
"223887784","76561198862485973","0","5","15846","337","15802","1776920862","english","trash teammates","1776916968","1776916968","False","1","0","0.478073328733444214","0","True","False","False","",""
"223888028","76561198078037805","171","17","23113","4603","23113","1776903046","english","This game is slowly destroying my mental health.","1776917367","1776917367","True","0","0","0.5","0","True","False","False","",""
"223888232","76561199047561337","48","7","2314","1157","2311","1776917944","english","yes","1776917757","1776917757","True","0","0","0.5","0","True","False","False","",""
"223888327","76561199237718219","20","3","33362","3782","33177","1776951445","english","vewy vewy kool game but tooooo many chweaters
","1776917911","1776917911","True","0","0","0.5","0","True","False","False","",""
"223888328","76561198777702773","0","1","2395","551","2393","1776956384","english","anime queers and commie ruffians. nothin but.","1776917916","1776917916","False","0","0","0.476190477609634399","0","True","False","False","",""
"223888811","76561199040612736","50","1","15089","8703","14657","1776956435","english","Nice game","1776918816","1776918816","True","0","0","0.5","0","True","False","False","",""
"223888852","76561199828203376","0","2","716","668","460","1776945051","english","FUN
","1776918889","1776918889","True","0","0","0.5","0","True","False","False","",""
"223889065","76561199218474927","2","2","27631","1458","27631","1776918215","english","Lovely!","1776919267","1776919267","True","0","0","0.5","0","True","False","False","",""
"223889353","76561199644128651","8","1","7012","106","6905","1776932620","english","nice","1776919750","1776919750","True","0","0","0.5","0","True","False","False","",""
"223889633","76561199769541132","6","1","16368","786","16308","1776956364","english","CS:GO > CS2","1776920252","1776920252","True","0","0","0.5","0","True","False","False","",""
"223889928","76561198789134610","0","1","6139","2840","6011","1776955585","english","very interesting game to pass time 
","1776920736","1776920736","True","0","0","0.5","0","True","False","False","",""
"223889977","76561199736001531","0","1","724","278","652","1776940288","english","I was always skeptical about this game purely because i found it boring. After 10 years I finally gave it a go and now im hooked. I was missing out on this game when i was younger. I defenitly reccomend this game to others.","1776920820","1776920820","True","0","0","0.5","0","True","False","False","",""
"223890312","76561198173396061","0","13","9010","39","8971","1776923785","english","its good i guess","1776921428","1776921428","True","0","0","0.5","0","True","False","False","",""
"223890411","76561199184597707","0","1","9219","990","8969","1776956020","english","A good FPS game yall should play tbh","1776921607","1776921607","True","0","0","0.5","0","True","False","False","",""
"223890469","76561199878006880","0","1","820","458","688","1776956379","english","suka blyat","1776921728","1776921728","True","0","0","0.5","0","True","False","False","",""
"223890477","76561198720809859","6","1","1481","1236","1461","1776922097","english","Spawn die spawn die spawn die still better than valorant","1776921741","1776921741","True","2","0","0.545454561710357666","0","True","False","False","",""
"223890591","76561198783552115","3","1","33656","190","33656","1776212723","english","nice game fu*k Anti cheat","1776921967","1776921967","True","0","0","0.5","0","True","False","False","",""
"223890904","76561198285358744","79","2","40727","496","40727","1776870818","english","Should've been a goated game, if it weren't for the cheaters.","1776922593","1776922593","False","2","0","0.538461565971374512","0","True","False","False","",""
"223891507","76561199811234356","0","1","14241","7444","14190","1776926774","english","good","1776923721","1776923721","True","0","1","0.5","0","True","False","False","",""
"223891573","76561199569436072","37","2","7496","506","7496","1776923729","english","cheater strike 2","1776923860","1776923860","False","0","0","0.5","0","True","False","False","",""
"223891948","76561199057090515","38","4","36453","1670","36344","1776939148","english","csgo is better","1776924560","1776924560","True","0","0","0.5","0","True","False","False","",""
"223891951","76561199762452860","0","1","31857","4608","31777","1776940334","english","like","1776924564","1776924564","True","0","0","0.5","0","True","False","False","",""
"223892039","76561198352226849","0","3","46726","3027","46722","1776925270","english","♥♥♥♥ no","1776924712","1776924712","True","0","0","0.5","0","True","False","False","",""
"223892048","76561199593204812","0","1","7108","1002","6948","1776935286","english","It is something to do ig","1776924724","1776924724","True","0","0","0.5","0","True","False","False","",""
"223892121","76561199144470488","0","4","25044","528","25008","1776938099","english","best pewpew game","1776924878","1776924878","True","0","0","0.5","0","True","False","False","",""
"223892210","76561198260555531","0","2","55388","115","55388","1776780939","english","LOVEEEEEEE <3","1776925038","1776925195","True","0","0","0.5","0","True","False","False","",""
"223892640","76561199473319208","0","1","1768","121","1768","1776893893","english","no","1776925859","1776925859","False","0","0","0.5","0","True","False","False","",""
"223892951","76561199093955713","0","3","664","440","444","1776939584","english","""no one on your left"" -Edward Herman","1776926470","1776926470","True","0","0","0.5","0","True","False","False","",""
"223893175","76561198877390545","0","1","39541","906","39533","1776948743","english","no anticheat","1776926932","1776926932","False","0","0","0.5","0","True","False","False","",""
"223893376","76561199494400322","0","1","99472","2759","99196","1776955827","english","cheaters","1776927324","1776927324","False","0","0","0.5","0","True","False","False","",""
"223893399","76561199124383948","22","5","305","65","239","1776933353","english",".","1776927375","1776927375","True","0","0","0.5","0","True","False","False","",""
"223893551","76561199016464671","11","3","1861","400","1801","1776931301","english","friendly ppl :)","1776927711","1776927711","True","0","0","0.5","0","True","False","False","",""
"223893651","76561199492756755","0","2","1561","930","1561","1776925133","english","I like this game i came from valorant and i like having european people yell in my ear words i dont understand and team flashing everyone i queue with.","1776927888","1776927888","True","0","0","0.5","0","True","False","False","",""
"223893661","76561198721729519","0","1","269","87","269","1776927914","english","good gamei like it","1776927926","1776927926","True","0","0","0.5","0","True","False","False","",""
"223893665","76561198107280500","0","1","97105","5297","97068","1776929275","english","IF YOU WANNA BE HAPPY AND HAVE HEALTHY RELATIONSHIPS AVOID THIS GAME AT ANY COST. 
(PS. LEAGUE OF LEGENDS TOO)","1776927927","1776927927","False","1","0","0.523809552192687988","0","True","False","False","",""
"223893840","76561199620422718","8","1","2859","576","2810","1776933245","english","GREAT GAME
","1776928218","1776928218","True","1","0","0.523809552192687988","0","True","False","False","",""
"223893936","76561198026491659","0","7","60011","284","60011","1776928330","english","just hit 1k hours. way better than banging ur dad","1776928392","1776928392","True","0","0","0.5","0","True","False","False","",""
"223894038","76561198717691939","0","1","712","712","657","1776935026","english","THIS GAME MADE ME LEAVE MY WIFE AND KIDS","1776928590","1776928590","False","1","0","0.523809552192687988","0","True","False","False","",""
"223894066","76561199810363513","0","2","1283","877","1264","1776931408","english","it s super fun but it requires patience to understand the mechanics and strategies
","1776928641","1776928641","True","0","0","0.5","0","True","False","False","",""
"223894191","76561199444863311","0","1","9536","803","9395","1776942152","english","nice game but too much cheaters","1776928852","1776928852","True","0","0","0.5","0","True","False","False","",""
"223894251","76561198778811666","0","1","52183","3555","52054","1776947850","english","I got a cooldown for nothing","1776928963","1776928963","False","0","0","0.476190477609634399","0","True","False","False","",""
"223894277","76561199121178067","0","1","21486","137","21486","1776366239","english","Do not recommend","1776929017","1776929017","True","0","0","0.5","0","True","False","False","",""
"223894298","76561199151090349","0","2","4595","180","4595","1776928745","english","yes","1776929050","1776929050","True","0","0","0.5","0","True","False","False","",""
"223894308","76561199296896501","6","1","81269","870","81269","1776886487","english","Foarte bun jocul pana dai de codati","1776929070","1776929070","True","0","0","0.5","0","True","False","False","",""
"223894609","76561199480850832","0","2","12295","4307","12110","1776940453","english","hard
","1776929573","1776929573","True","0","0","0.5","0","True","False","False","",""
"223894621","76561198332486563","187","6","68501","0","68501","1769320703","english","I haven't played recently but this game made my childhood","1776929592","1776929592","True","0","0","0.5","0","True","False","False","",""
"223894671","76561199536960033","0","1","1579","403","1544","1776938280","english","good","1776929699","1776929699","True","0","0","0.5","0","True","False","False","",""
"223894881","76561198062403668","47","1","119283","1207","119202","1776933281","english","cheaters, cheaters everywhere","1776930096","1776930096","False","0","0","0.5","0","True","False","False","",""
"223894931","76561199829351191","0","1","3312","410","3089","1776950222","english","hi
","1776930182","1776930182","True","0","0","0.5","0","True","False","False","",""
"223895051","76561199029067168","0","1","23800","1461","23541","1776955264","english","All players are equally stupid. Fun.","1776930393","1776930393","True","1","0","0.523809552192687988","0","True","False","False","",""
"223895111","76561198716876861","0","1","2850","2850","2640","1776943319","english","tt","1776930509","1776930509","True","0","0","0.5","0","True","False","False","",""
"223895163","76561198879894571","272","57","8362","612","8362","1776930144","english","Terrible, garbage slop. But its fun","1776930612","1776930612","True","0","0","0.5","0","True","False","False","",""
"223895493","76561199229977419","0","5","623","139","623","1776931000","english","angry","1776931210","1776931210","False","0","0","0.485074609518051147","0","True","False","False","",""
"223895514","76561198752019500","1","1","516","1","514","1776933838","english","Le good game, Just le bad trust factor. ):","1776931240","1776931240","True","1","0","0.523809552192687988","0","True","False","False","",""
"223895559","76561199091743018","30","1","2410","163","2410","1776855785","english","very wholessome
","1776931327","1776931327","True","0","0","0.5","0","True","False","False","",""
"223895573","76561199275584842","0","1","7680","2032","7615","1776935242","english","har dafa khelta hon har dafa khud ko torture krta hon
","1776931356","1776931356","False","0","0","0.5","0","True","False","False","",""
"223895665","76561199755755199","0","1","16384","600","16384","1776931494","english","YOUR LIFE WILL BETTER IF U CAN UNINSTALL THIS ♥♥♥♥","1776931538","1776931538","False","2","0","0.535412609577178955","0","True","False","False","",""
"223895712","76561199259175401","19","7","3310","317","3310","1776855899","english","Only thing better than the russians that cant speak proper english is the teammates that miss people standing still","1776931654","1776931654","True","0","0","0.5","0","True","False","False","",""
"223895752","76561199825857642","1","1","13899","2125","13780","1776938804","english","nice","1776931739","1776931739","True","0","0","0.5","0","True","False","False","",""
"223895765","76561199388767964","0","1","4364","2133","4364","1776927137","english","best ad for wall cheats","1776931759","1776931759","True","0","1","0.5","0","True","False","False","",""
"223895899","76561199016833225","0","1","42295","1989","42121","1776944640","english","♥♥♥♥ updates
","1776931998","1776931998","True","0","0","0.5","0","True","False","False","",""
"223895970","76561198765802652","2","1","118","69","48","1776943769","english","I really like this game, but without premium subscribe u cannt play all around are cheaters. So alll I want to say is OLOFMAAAAAAASTER I LOVE U! AND 1 more ИДИТЕ НАУЙ СЫНОВЬЯ БЛДЕЙ","1776932138","1776932138","True","0","0","0.5","0","True","False","False","",""
"223896012","76561199243362626","0","1","5256","2886","5256","1776927503","english","♥♥♥♥♥","1776932204","1776932204","True","0","0","0.5","0","True","False","False","",""
"223896231","76561199334843136","0","1","119217","1983","119143","1776936753","english","SDDASD","1776932596","1776932596","True","0","0","0.5","0","True","False","False","",""
"223896317","76561199184081635","3","1","1923","574","1812","1776939348","english","i actually had fun playing cs shifting from valorant","1776932748","1776932748","True","0","0","0.5","0","True","False","False","",""
"223896341","76561199806683980","16","1","6975","406","6975","1776866181","english","Very gooch👍🏻","1776932795","1776932795","True","0","0","0.5","0","True","False","False","",""
"223896385","76561199388441229","0","2","474","80","450","1776937038","english","having so many russians scream at ur ass for dying once","1776932878","1776932878","False","0","0","0.5","0","True","False","False","",""
"223896390","76561199861262264","1","1","36197","945","36197","1776897011","english","Nice 👍","1776932885","1776932885","True","0","0","0.5","0","True","False","False","",""
"223896830","76561199758420592","1","1","15753","1635","15753","1776887908","english","Crazy 😧","1776933684","1776933684","True","0","0","0.5","0","True","False","False","",""
"223896860","76561198263648305","54","12","3564","189","3377","1776944968","english","gg","1776933739","1776933739","True","0","0","0.5","0","True","False","False","",""
"223896965","76561198331711546","4","1","1342","1342","1077","1776948681","english","★★★★★","1776933943","1776933943","True","0","0","0.5","0","True","False","False","",""
"223897043","76561199735166898","0","1","912","575","836","1776955790","english","very very good","1776934063","1776934063","True","0","0","0.5","0","True","False","False","",""
"223897089","76561199120848067","1","1","47389","312","47339","1776937282","english","lots of cheaters
","1776934142","1776934142","True","0","0","0.5","0","True","False","False","",""
"223897371","76561198733526068","3","1","8804","3838","8540","1776956221","english","csgo better","1776934660","1776934769","False","1","0","0.514925360679626465","0","True","False","False","",""
"223897505","76561199826992829","3","1","8160","0","8160","1775149450","english","Very nice game!","1776934879","1776934879","True","0","0","0.5","0","True","False","False","",""
"223897592","76561199499407929","7","1","61648","2171","61495","1776945951","english","w game
","1776935019","1776935019","True","0","0","0.5","0","True","False","False","",""
"223897669","76561199231290769","11","1","4557","4399","4539","1776936247","english","good","1776935137","1776935137","True","0","0","0.5","0","True","False","False","",""
"223897704","76561199627148904","0","1","101316","4356","101225","1776941184","english","FIX VAC","1776935205","1776935205","False","3","0","0.537366509437561035","0","True","False","False","",""
"223897945","76561198773039465","2","1","14095","1378","13966","1776952839","english","PLS LIKE SDS=JA YMA","1776935630","1776935630","True","0","0","0.5","0","True","False","False","",""
"223898037","76561199072022483","3","1","40761","5854","40429","1776955950","english","grey hair","1776935792","1776935792","True","1","0","0.523809552192687988","0","True","False","False","",""
"223898117","76561198304435808","192","9","53419","1884","53402","1776941945","english","เกมหัวดอ
","1776935965","1776935965","True","0","0","0.5","0","True","False","False","",""
"223898165","76561199835716330","0","2","799","378","783","1776937042","english","ll","1776936054","1776936054","True","0","0","0.5","0","True","False","False","",""
"223898223","76561198321164608","0","9","16483","901","16483","1776827251","english","GOod PUBL1c","1776936144","1776936144","True","0","0","0.5","0","True","False","False","",""
"223898243","76561199806678258","1","1","46171","2575","45957","1776950256","english","666","1776936178","1776936178","True","0","0","0.5","0","True","False","False","",""
"223898376","76561198846744484","34","1","26722","3235","26457","1776956617","english","verry goood game","1776936394","1776936394","True","0","0","0.5","0","True","False","False","",""
"223898483","76561198776415271","9","1","4340","2776","4255","1776940672","english","Very fun game to be one with the mind and very peaceful, you won't get a gambling addiction, and this game is a very educational learning tool that proves to be good with studying. People are very nice in chat and voice chat, and the community is very friendly.","1776936582","1776936582","True","0","0","0.5","0","True","False","False","",""
"223898543","76561198139837234","1","1","63663","4290","63624","1776941077","english","yaw dtgdsdawadwuhanhawdgwaviubajkuy vgfayu.,l","1776936675","1776936675","True","0","0","0.5","0","True","False","False","",""
"223898577","76561199807389254","0","10","235","235","235","1776936493","english","Theres a negev on site on b","1776936728","1776936728","True","0","0","0.5","0","True","False","False","",""
"223898621","76561199867392266","0","1","3939","2950","3659","1776956703","english","nice game","1776936800","1776936800","True","0","0","0.5","0","True","False","False","",""
"223898822","76561199175056557","22","2","43050","1920","43050","1776852292","english","такое","1776937151","1776938207","True","0","0","0.5","0","True","False","False","",""
"223898893","76561199031295365","0","1","597","252","522","1776942014","english","sd","1776937283","1776937283","True","0","0","0.5","0","True","False","False","",""
"223898933","76561198733288700","1","1","3751","2306","3538","1776955541","english"," d wd abwaebawdawbdwadb","1776937351","1776937351","True","0","0","0.5","0","True","False","False","",""
"223899009","76561199494163901","0","2","835","750","695","1776945922","english","yeah","1776937487","1776937487","True","0","0","0.5","0","True","False","False","",""
"223899013","76561198988901681","0","12","7068","161","6907","1776947139","english","plant B","1776937492","1776937492","True","0","0","0.5","0","True","False","False","",""
"223899185","76561199097490413","2","1","49593","1448","49593","1776782848","english","Nice AC Volvo, some guy with SSG be jumping while looking down and headshots my whole team, LUCKILY.","1776937792","1776937792","True","0","0","0.5","0","True","False","False","",""
"223899278","76561199389109834","0","2","17221","2286","17177","1776948847","english","Пока меня еб#т под А плентом, мои тиммейты на Б, уже кальян на четверых забили.
10 порванных жоп из 10","1776937952","1776937952","True","0","0","0.5","0","True","False","False","",""
"223899279","76561199555628576","8","2","12314","1579","12144","1776948375","english","idk","1776937953","1776937953","True","0","0","0.5","0","True","False","False","",""
"223899349","76561199097931459","0","1","1342","112","1342","1776937861","english","worst game with a worse fanbase","1776938070","1776938070","False","1","0","0.514925360679626465","0","True","False","False","",""
"223899429","76561198836557387","4","1","11645","112","11639","1776938530","english","gay","1776938208","1776938208","True","0","0","0.485074609518051147","0","True","False","False","",""
"223899672","76561199718365103","13","1","2248","1075","2218","1776939932","english","1","1776938610","1776938610","True","0","0","0.5","0","True","False","False","",""
"223899701","76561198774977523","0","2","22699","1968","22675","1776941454","english","Anti-Cheat sistem ♥♥♥♥♥♥♥♥,Dont play ♥♥♥♥ game game full cheaters,vac jarking off ♥♥♥♥","1776938659","1776938659","False","0","0","0.5","0","True","False","False","",""
"223899728","76561199158787539","8","1","6759","1681","6437","1776956280","english","nice game for playing with friends","1776938694","1776938694","True","0","0","0.5","0","True","False","False","",""
"223899748","76561198997378587","8","1","27405","771","27405","1776938604","english","Extremely racist players.","1776938708","1776938708","False","1","0","0.523809552192687988","0","True","False","False","",""
"223899765","76561198880799902","110","7","46301","1544","46156","1776947593","english","bark!!","1776938730","1776938730","True","0","0","0.5","0","True","False","False","",""
"223899870","76561199170586236","4","1","14299","853","14299","1776936421","english","good","1776938894","1776938894","True","0","0","0.5","0","True","False","False","",""
"223899899","76561199824674379","0","1","2938","83","2855","1776943856","english","best game ive played so far, makes me wanna go to an alter and give myself to the spirit world","1776938933","1776938933","False","0","0","0.5","0","True","False","False","",""
"223900025","76561198788260496","1","1","17641","1569","17376","1776955968","english","ZDSKPORAGOK, SDFG SFDGHSFGHDGDFSH
","1776939112","1776939112","True","0","0","0.5","0","True","False","False","",""
"223900079","76561198729285922","5","1","257","257","174","1776943935","english","yes","1776939195","1776939195","True","0","0","0.476190477609634399","0","True","False","False","",""
"223900144","76561198848528197","0","29","3922","2017","3638","1776955813","english","https://steamcommunity.com/sharedfiles/filedetails/?id=3712295506","1776939297","1776939297","True","0","0","0.5","0","True","False","False","",""
"223900312","76561199564566944","1","1","31684","708","31663","1776947078","english","this is best game","1776939540","1776939540","True","0","0","0.5","0","True","False","False","",""
"223900855","76561198786616516","15","8","11734","244","11734","1776684901","english","Fix ur vac","1776940331","1776940331","False","0","0","0.5","0","True","False","False","",""
"223900868","76561198717440992","0","1","927","509","783","1776954021","english","it is a fun  game  and if you play with friends it will be funnier btw if u want a knife its EXPENSIVE","1776940358","1776940358","True","0","0","0.5","0","True","False","False","",""
"223901031","76561198042448718","0","1","616","418","616","1776934188","english","The old cs vibe with upgraden graphics.","1776940598","1776940598","True","0","0","0.5","0","True","False","False","",""
"223901329","76561199776189769","49","5","5369","574","5296","1776955946","english","looking forward to waste my life on this game","1776940973","1776940973","True","0","0","0.5","0","True","False","False","",""
"223901504","76561199042922849","5","1","667","1","667","1776941197","english","nice anticheat","1776941212","1776941212","False","0","0","0.5","0","True","False","False","",""
"223901568","76561199786943824","0","3","70861","5556","70861","1776939961","english","as long as i get to troll idc","1776941295","1776941295","True","0","0","0.485074609518051147","0","True","False","False","",""
"223901818","76561198297393503","99","1","173399","1175","173399","1776846524","english","crippling debt and addiction","1776941639","1776941639","True","1","0","0.514925360679626465","0","True","False","False","",""
"223901837","76561199868255335","0","3","1544","240","1457","1776947240","english","goon-d","1776941661","1776941661","True","0","0","0.485074609518051147","0","True","False","False","",""
"223901908","76561198740819859","2","1","9162","1440","8911","1776956395","english","fps drops sucks","1776941790","1776941790","True","0","0","0.5","0","True","False","False","",""
"223902162","76561199837510568","0","4","415","269","261","1776953731","english","amazing","1776942133","1776942133","True","0","0","0.5","0","True","False","False","",""
"223902193","76561198121298636","52","9","58702","101","58702","1775884876","english","kind of ♥♥♥♥ kind of good","1776942167","1776942167","True","0","0","0.5","0","True","False","False","",""
"223902574","76561198724640278","8","1","1941","813","1910","1776951368","english","A great game, if you don't play it","1776942650","1776942650","True","1","0","0.514925360679626465","1","True","False","False","",""
"223902650","76561199884632275","0","3","26065","1987","26065","1776879349","english","nice aim","1776942751","1776942751","True","0","0","0.485074609518051147","0","True","False","False","",""
"223902837","76561199792880208","0","1","83413","1743","83307","1776953975","english","on9 game","1776943025","1776943025","False","0","1","0.485074609518051147","0","True","False","False","",""
"223902956","76561199809030576","0","5","238","209","238","1776943145","english","hate it i love it","1776943196","1776943196","True","0","0","0.485074609518051147","0","True","False","False","",""
"223903186","76561199473036963","3","1","469","265","362","1776949932","english","BEST game ever xxxxx","1776943530","1776943530","True","0","0","0.5","0","True","False","False","",""
"223903247","76561199304317490","0","1","19173","460","19130","1776946181","english","its good","1776943617","1776943617","True","0","0","0.5","0","True","False","False","",""
"223903265","76561199813386371","20","2","12617","1352","12517","1776949472","english","play this game if you love seeing someone turn into a helicopter and kill your entire team with a scout
10/10 i've wasted my time on this game and im proud of it","1776943636","1776943636","True","0","0","0.5","0","True","False","False","",""
"223903451","76561198401367251","2","1","166491","2418","166281","1776956357","english","Entertanining game","1776943883","1776943883","True","0","0","0.5","0","True","False","False","",""
"223904126","76561198354182772","17","3","2145","0","2145","1715937368","english","mad people but great","1776944799","1776944799","True","0","0","0.5","0","True","False","False","",""
"223904180","76561199813928224","0","3","605","5","605","1776622964","english","the beter
","1776944862","1776944862","True","0","0","0.5","0","True","False","False","",""
"223904375","76561198710272905","0","1","83","83","83","1776944597","english","Would be better with less cheaters.","1776945099","1776945099","True","1","0","0.523809552192687988","0","True","False","False","",""
"223904514","76561198986448579","85","7","1678","626","1667","1776955045","english","oh my strike im counting it 2","1776945302","1776945302","True","0","0","0.5","0","True","False","False","",""
"223904618","76561198747153660","0","1","2508","2373","2508","1776945342","english","Too many hackers and Valve is not stepping up to fix the issue. Play a different game instead. It's not worth the time or anger.","1776945428","1776945428","False","0","0","0.5","0","True","False","False","",""
"223904830","76561199157845533","33","2","40015","2372","39864","1776954408","english","SA","1776945703","1776945703","True","0","0","0.5","0","True","False","False","",""
"223904877","76561199745697430","1","1","9499","1914","9372","1776951874","english","nc","1776945760","1776945760","True","0","0","0.5","0","True","False","False","",""
"223904987","76561199520244964","0","1","2198","1061","2149","1776948726","english","this game is really addicting and very fun,it becomes the bets game on steam if you buy premuim","1776945887","1776945887","True","0","0","0.5","0","True","False","False","",""
"223905144","76561199475503097","18","9","4936","0","4936","1764437473","english","russia","1776946045","1776946045","True","0","0","0.5","0","True","False","False","",""
"223905276","76561199583324191","9","2","14745","467","14725","1776949128","english","Very good nice VAC","1776946229","1776946229","True","0","0","0.5","0","True","False","False","",""
"223905741","76561199575538267","12","4","4236","2082","4201","1776952838","english","This games shows you the cruel reality of world. This world have a hatred for Jewish people of Muslim origin, I have been a victim of constant hatred and bullying against jewish muslims in the game.

But I as a Jewish Muslim love this game, because this game allows me to be a terrorist which helps me connect to my muslim roots, and the community market helps me to connect to my current jewish identity.

Israel has a right to exist, Allah hu Akbar.
10/10","1776946814","1776946814","True","0","0","0.5","0","True","False","False","",""
"223905809","76561199779538091","8","4","1004","1","1004","1776946863","english","just perfect
","1776946916","1776946916","True","0","0","0.5","0","True","False","False","",""
"223905984","76561199036509836","47","4","2875","1139","2875","1776945536","english","Play CS2
Get Mad
Want to touch grass
Dont touch grass
Repeat","1776947104","1776947104","True","0","0","0.5","0","True","False","False","",""
"223906061","76561198793980741","0","1","741","328","688","1776949659","english","its so fun when every game is a cheater","1776947182","1776947182","True","0","0","0.5","0","True","False","False","",""
"223906113","76561199790909738","17","4","41574","1342","41481","1776952846","english","pzd the best game","1776947254","1776947254","True","0","0","0.5","0","True","False","False","",""
"223906132","76561198301369929","2","1","7935","1243","7924","1776947920","english","Very good game but a lot of cheaters","1776947287","1776947287","True","0","0","0.5","0","True","False","False","",""
"223906493","76561198045124306","8","1","30390","137","30381","1776948043","english","I enjoy griefing on this game ^^","1776947697","1776947697","True","0","0","0.5","0","True","False","False","",""
"223906818","76561198738677650","3","1","1508","310","1506","1776948304","english","it's a good game","1776948086","1776948086","True","0","0","0.5","0","True","False","False","",""
"223907031","76561198747861947","0","2","1157","223","1122","1776950426","english","is good","1776948332","1776948332","True","0","0","0.5","0","True","False","False","",""
"223907099","76561198258226437","135","6","10964","983","10964","1776946592","english","since I suffer in real life why not suffer in cs as well :)","1776948408","1776948408","True","0","0","0.5","0","True","False","False","",""
"223907109","76561199044126260","10","1","15430","2395","15430","1776955610","english","Amazing","1776948418","1776948418","True","0","0","0.5","0","True","False","False","",""
"223907492","76561199098462117","0","1","19480","2385","19367","1776953872","english","PEAK","1776948862","1776948862","True","0","0","0.476190477609634399","0","True","False","False","",""
"223907504","76561199574679162","13","1","60288","3710","60168","1776956054","english","good hha","1776948876","1776948876","True","0","0","0.476190477609634399","0","True","False","False","",""
"223907594","76561198957815399","15","1","150333","1063","150236","1776953271","english","Best game","1776948997","1776948997","True","1","0","0.523809552192687988","0","True","False","False","",""
"223907697","76561198854276285","39","3","77031","1183","76947","1776952687","english","ZALUPA","1776949108","1776949108","False","0","0","0.5","0","True","False","False","",""
"223907733","76561198033893799","30","2","110932","18056","110932","1776949020","english","GG","1776949141","1776949141","True","0","0","0.476190477609634399","0","True","False","False","",""
"223907819","76561198009152639","826","7","22499","387","22439","1776955520","english","Prime is full of cheaters and deathmatch full of bots.
","1776949243","1776949243","False","0","0","0.5","0","True","False","False","",""
"223907870","76561199075475230","0","3","2474","10","2474","1776802129","english","I cannot express my love enough for this game, this player base means the world to me and there's nothing else I would trade it for.","1776949320","1776949320","True","0","0","0.5","0","True","False","False","",""
"223907892","76561198068659293","29","1","32761","7563","32669","1776955019","english","...","1776949344","1776949843","False","0","0","0.5","0","True","False","False","",""
"223908193","76561198354745992","0","1","4955","171","4953","1776949980","english","Gambling > Playing","1776949693","1776949693","False","1","1","0.5","0","True","False","False","",""
"223908395","76561199403356754","27","3","55160","559","55155","1776953970","english","Ngl sometimes gamę us awsome sometimes suck","1776949909","1776949909","True","0","0","0.5","0","True","False","False","",""
"223908537","76561199699954125","0","1","5485","692","5395","1776955459","english","very good","1776950070","1776950070","True","0","0","0.5","0","True","False","False","",""
"223908598","76561198027682742","32","2","111994","20002","111994","1776950028","english","GAGAGAGHHA","1776950122","1776950122","True","0","0","0.5","0","True","False","False","",""
"223908854","76561199654849739","0","3","7886","1218","7818","1776954600","english","More russians","1776950409","1776950409","True","0","0","0.5","0","True","False","False","",""
"223908875","76561199089608706","34","2","2041","261","1946","1776956335","english","good game (so many cheaters tho)","1776950428","1776950428","True","0","0","0.5","0","True","False","False","",""
"223909026","76561198778118926","0","1","14749","1814","14749","1776886390","english","Great way to learn russian and develop heart problems. 10/10","1776950587","1776950587","True","1","0","0.523809552192687988","0","True","False","False","",""
"223909060","76561198028002740","30","2","115858","19999","115858","1776950562","english","HAHAHAH","1776950615","1776950615","True","0","0","0.5","0","True","False","False","",""
"223909208","76561198956246123","0","1","1354","205","1336","1776952210","english","bingo bango bongo bish bash bosh","1776950757","1776950757","True","0","0","0.5","0","True","False","False","",""
"223909255","76561199656503958","6","1","412","38","411","1776950860","english","good game","1776950800","1776950800","True","0","0","0.5","0","True","False","False","",""
"223909428","76561198732873341","0","1","9528","3738","9528","1776955237","english","Good game 
","1776950982","1776950982","True","0","0","0.5","0","True","False","False","",""
"223909514","76561197963403354","9","1","358","358","307","1776955233","english","go","1776951059","1776951059","True","0","0","0.5","0","True","False","False","",""
"223909597","76561199543507700","8","1","12997","2426","12968","1776953347","english","THE BEST GAME EVER!!","1776951142","1776951142","True","1","0","0.523809552192687988","1","True","False","False","",""
"223909623","76561199818009737","0","2","403","306","342","1776954859","english","great game. might be the best fps game.","1776951169","1776951169","True","0","0","0.5","0","True","False","False","",""
"223909682","76561198023279344","30","2","110375","19888","110375","1776951183","english","GGG","1776951229","1776951229","True","0","0","0.5","0","True","False","False","",""
"223909714","76561198324328958","0","1","10336","2408","10240","1776956362","english","Fun Game.","1776951256","1776951256","True","0","0","0.5","0","True","False","False","",""
"223909749","76561198791597717","5","1","3192","1490","3187","1776951595","english","Vary good game 
","1776951309","1776951309","True","0","0","0.5","0","True","False","False","",""
"223910112","76561198764013073","7","1","18781","9344","18721","1776955140","english","Bring back csgo bhops","1776951682","1776951682","True","0","1","0.5","0","True","False","False","",""
"223910150","76561198027347522","30","2","115632","19963","115632","1776951686","english","REW","1776951718","1776951718","True","0","0","0.5","0","True","False","False","",""
"223910314","76561199340117726","0","1","18503","400","18438","1776955748","english","nbbbbbbbbbbbbbbbbb","1776951878","1776951878","True","0","0","0.5","0","True","False","False","",""
"223910412","76561198421169224","4","1","3130","459","3070","1776955312","english","much wow, i approve of this game","1776951972","1776951972","True","1","0","0.523809552192687988","0","True","False","False","",""
"223910443","76561198031359912","30","2","113598","19852","113598","1776951969","english","REeeEE","1776952010","1776952010","True","0","0","0.5","0","True","False","False","",""
"223910519","76561198790482950","5","1","31549","1174","31549","1776886620","english","676767 tuff game","1776952071","1776952071","True","0","0","0.5","0","True","False","False","",""
"223910647","76561198287631842","0","1","67551","472","67551","1776868530","english",".","1776952207","1776952207","True","0","0","0.5","0","True","False","False","",""
"223910747","76561198776812327","1","1","763","209","754","1776952880","english","good","1776952299","1776952299","True","0","0","0.5","0","True","False","False","",""
"223910774","76561198019311048","30","2","114266","19977","114266","1776952307","english",">??>././","1776952327","1776952327","True","0","0","0.5","0","True","False","False","",""
"223911274","76561198730061202","0","1","2038","906","2038","1776952788","english","Good game i met a lot of russians
","1776952838","1776952838","True","0","0","0.5","0","True","False","False","",""
"223911483","76561199205228782","0","1","8314","755","8284","1776954848","english","Nice","1776953070","1776953070","True","0","0","0.5","0","True","False","False","",""
"223911493","76561199488943107","0","1","1221","0","1221","1769414722","english","Goat","1776953085","1776953085","True","0","0","0.5","0","True","False","False","",""
"223911636","76561198963608852","68","2","77302","1437","77302","1776901060","english","Be respectful of others and avoid conflicts. Prioritize fun and camaraderie. When you lose or play poorly, analyze your mistakes and focus on improvement without blaming yourself. Communicating with your teammates and playing strategically are key to winning. Don't forget to use your microphone.","1776953245","1776954935","True","0","0","0.5","0","True","False","False","",""
"223911818","76561199246686167","1","1","10475","522","10436","1776956390","english","Very good game","1776953422","1776953422","True","0","0","0.5","0","True","False","False","",""
"223911955","76561199883646509","0","1","36064","1971","36053","1776956202","english","Lauda game ++++
Vac is a Joke +++++
But CS2 has my ❤️ 
","1776953530","1776953530","True","0","0","0.5","0","True","False","False","",""
"223911972","76561198340615403","124","3","13293","75","13254","1776955162","english","bad addition of magazines. why fix something that does not need fixing","1776953543","1776953543","False","0","0","0.5","0","True","False","False","",""
"223911976","76561199214071431","0","1","3173","1503","3143","1776955336","english","very good","1776953544","1776953544","True","0","0","0.5","0","True","False","False","",""
"223912045","76561198023888173","25","2","115467","20073","115467","1776953476","english","GFGfg","1776953612","1776953612","True","0","0","0.5","0","True","False","False","",""
"223912562","76561198347483260","35","2","59980","2391","59980","1776911828","english","wow","1776954076","1776954076","True","0","0","0.5","0","True","False","False","",""
"223912568","76561198786900469","0","1","296","198","269","1776955668","english","tare jocu pana dai de codati, futui in gura 
","1776954082","1776954082","True","0","0","0.5","0","True","False","False","",""
"223912599","76561199714966750","0","1","1470","1463","1428","1776954931","english","goooood game
","1776954109","1776954109","True","0","0","0.5","0","True","False","False","",""
"223912663","76561198089743926","0","4","2359","2269","2359","1776953812","english","Wow, what a toxic community! If you have a thick skin and don't mind getting yelled at or kicked out of matches because you're new to the game and play without friends, great game, 5 stars! :D","1776954177","1776954177","True","0","0","0.5","0","True","False","False","",""
"223912814","76561198366589026","38","5","13956","0","13956","1756151102","english","very tuff game i reccomend","1776954323","1776954323","True","0","0","0.5","0","True","False","False","",""
"223912867","76561199825006928","3","1","13162","1559","13131","1776956203","english","b jk/","1776954372","1776954372","True","0","0","0.5","0","True","False","False","",""
"223913076","76561198767161607","0","7","833","197","833","1776610753","english","I LOVE CHEATERS","1776954570","1776954570","True","0","0","0.5","0","True","False","False","",""
"223913093","76561199223656627","53","4","743","210","713","1776955935","english","valodan iyi gibi","1776954583","1776954583","True","0","0","0.5","0","True","False","False","",""
"223913333","76561199420843101","0","2","191","181","191","1776954752","english","idk honeslty boring asf
","1776954786","1776954786","True","0","0","0.5","0","True","False","False","",""
"223913460","76561199855132329","0","1","7087","1750","7075","1776955059","english","when i open this game i was exited to play it then i wanted to kill myself","1776954897","1776954897","False","0","0","0.5","0","True","False","False","",""
"223913664","76561198724863711","0","1","598","275","589","1776955637","english","Such a fun game!","1776955097","1776955097","True","0","0","0.5","0","True","False","False","",""
"223913735","76561198986502240","66","1","15699","3658","15699","1776953739","english","best games","1776955166","1776955166","True","1","0","0.523809552192687988","0","True","False","False","",""
"223913801","76561198881970747","0","7","35524","1154","35524","1776955231","english","horrible","1776955224","1776955224","False","0","0","0.5","0","True","False","False","",""
"223913965","76561198724562397","0","1","2175","162","2175","1776955322","english","This game would be great if they only banned all russians from EU servers. Its unplayabe because of all the russian players ragehacking and Valve does nothing about it.","1776955376","1776955376","False","0","0","0.5","0","True","False","False","",""
"223914023","76561199096991744","2","1","2260","860","2260","1776951504","english","Ss","1776955441","1776955441","True","0","0","0.5","0","True","False","False","",""
"223914126","76561199500944729","0","2","4567","0","4567","1765836859","english","Just play source","1776955539","1776955539","False","0","0","0.5","0","True","False","False","",""
"223914217","76561199862308713","0","5","217","214","217","1776583214","english","headshut
","1776955615","1776955615","True","0","0","0.5","0","True","False","False","",""
"223914452","76561198780658686","21","1","1391","643","1391","1776932274","english","This game is my identity","1776955840","1776955840","True","0","0","0.5","0","True","False","False","",""
"223914471","76561197977889324","0","1","199","199","199","1776889291","english","cheater fest","1776955854","1776955854","True","0","0","0.5","0","True","False","False","",""
"223914475","76561198780816120","39","1","1345","641","1345","1776920732","english","Не для всех","1776955855","1776955855","True","0","0","0.5","0","True","False","False","",""
"223914479","76561198780799343","32","1","1337","640","1337","1776920732","english","Купил ради достижений","1776955859","1776955859","True","0","0","0.5","0","True","False","False","",""
"223914514","76561198263889332","32","3","22865","3329","22865","1776955341","english","Best drug i've ever tried.","1776955897","1776955897","True","0","0","0.5","0","True","False","False","",""
"223914546","76561198753879741","15","1","871","558","871","1776937214","english","Геймплей затягивает","1776955936","1776955936","True","0","0","0.5","0","True","False","False","",""
"223914560","76561198091480323","87","1","143131","0","143131","1774530221","english","csgo","1776955950","1776955950","False","0","0","0.5","0","True","False","False","",""
"223914603","76561198788410641","20","1","5560","600","5560","1776708929","english","My sleep: forgotten","1776955988","1776955988","True","0","0","0.5","0","True","False","False","",""
